,0
0,MobileFaceNet/Conv2d_0/weights:0
1,MobileFaceNet/Conv2d_0/BatchNorm/beta:0
2,MobileFaceNet/Conv2d_0/BatchNorm/gamma:0
3,MobileFaceNet/Conv2d_0/BatchNorm/moving_mean:0
4,MobileFaceNet/Conv2d_0/BatchNorm/moving_variance:0
5,MobileFaceNet/Conv2d_0/prelu_alphas:0
6,MobileFaceNet/SeparableConv2d/depthwise_weights:0
7,MobileFaceNet/SeparableConv2d/BatchNorm/beta:0
8,MobileFaceNet/SeparableConv2d/BatchNorm/gamma:0
9,MobileFaceNet/SeparableConv2d/BatchNorm/moving_mean:0
10,MobileFaceNet/SeparableConv2d/BatchNorm/moving_variance:0
11,MobileFaceNet/SeparableConv2d/prelu_alphas:0
12,MobileFaceNet/Conv/weights:0
13,MobileFaceNet/Conv/BatchNorm/beta:0
14,MobileFaceNet/Conv/BatchNorm/gamma:0
15,MobileFaceNet/Conv/BatchNorm/moving_mean:0
16,MobileFaceNet/Conv/BatchNorm/moving_variance:0
17,MobileFaceNet/Conv_1/weights:0
18,MobileFaceNet/Conv_1/BatchNorm/beta:0
19,MobileFaceNet/Conv_1/BatchNorm/gamma:0
20,MobileFaceNet/Conv_1/BatchNorm/moving_mean:0
21,MobileFaceNet/Conv_1/BatchNorm/moving_variance:0
22,MobileFaceNet/Conv_1/prelu_alphas:0
23,MobileFaceNet/SeparableConv2d_1/depthwise_weights:0
24,MobileFaceNet/SeparableConv2d_1/BatchNorm/beta:0
25,MobileFaceNet/SeparableConv2d_1/BatchNorm/gamma:0
26,MobileFaceNet/SeparableConv2d_1/BatchNorm/moving_mean:0
27,MobileFaceNet/SeparableConv2d_1/BatchNorm/moving_variance:0
28,MobileFaceNet/SeparableConv2d_1/prelu_alphas:0
29,MobileFaceNet/Conv_2/weights:0
30,MobileFaceNet/Conv_2/BatchNorm/beta:0
31,MobileFaceNet/Conv_2/BatchNorm/gamma:0
32,MobileFaceNet/Conv_2/BatchNorm/moving_mean:0
33,MobileFaceNet/Conv_2/BatchNorm/moving_variance:0
34,MobileFaceNet/Conv_3/weights:0
35,MobileFaceNet/Conv_3/BatchNorm/beta:0
36,MobileFaceNet/Conv_3/BatchNorm/gamma:0
37,MobileFaceNet/Conv_3/BatchNorm/moving_mean:0
38,MobileFaceNet/Conv_3/BatchNorm/moving_variance:0
39,MobileFaceNet/Conv_3/prelu_alphas:0
40,MobileFaceNet/SeparableConv2d_2/depthwise_weights:0
41,MobileFaceNet/SeparableConv2d_2/BatchNorm/beta:0
42,MobileFaceNet/SeparableConv2d_2/BatchNorm/gamma:0
43,MobileFaceNet/SeparableConv2d_2/BatchNorm/moving_mean:0
44,MobileFaceNet/SeparableConv2d_2/BatchNorm/moving_variance:0
45,MobileFaceNet/SeparableConv2d_2/prelu_alphas:0
46,MobileFaceNet/Conv_4/weights:0
47,MobileFaceNet/Conv_4/BatchNorm/beta:0
48,MobileFaceNet/Conv_4/BatchNorm/gamma:0
49,MobileFaceNet/Conv_4/BatchNorm/moving_mean:0
50,MobileFaceNet/Conv_4/BatchNorm/moving_variance:0
51,MobileFaceNet/Conv_5/weights:0
52,MobileFaceNet/Conv_5/BatchNorm/beta:0
53,MobileFaceNet/Conv_5/BatchNorm/gamma:0
54,MobileFaceNet/Conv_5/BatchNorm/moving_mean:0
55,MobileFaceNet/Conv_5/BatchNorm/moving_variance:0
56,MobileFaceNet/Conv_5/prelu_alphas:0
57,MobileFaceNet/SeparableConv2d_3/depthwise_weights:0
58,MobileFaceNet/SeparableConv2d_3/BatchNorm/beta:0
59,MobileFaceNet/SeparableConv2d_3/BatchNorm/gamma:0
60,MobileFaceNet/SeparableConv2d_3/BatchNorm/moving_mean:0
61,MobileFaceNet/SeparableConv2d_3/BatchNorm/moving_variance:0
62,MobileFaceNet/SeparableConv2d_3/prelu_alphas:0
63,MobileFaceNet/Conv_6/weights:0
64,MobileFaceNet/Conv_6/BatchNorm/beta:0
65,MobileFaceNet/Conv_6/BatchNorm/gamma:0
66,MobileFaceNet/Conv_6/BatchNorm/moving_mean:0
67,MobileFaceNet/Conv_6/BatchNorm/moving_variance:0
68,MobileFaceNet/Conv_7/weights:0
69,MobileFaceNet/Conv_7/BatchNorm/beta:0
70,MobileFaceNet/Conv_7/BatchNorm/gamma:0
71,MobileFaceNet/Conv_7/BatchNorm/moving_mean:0
72,MobileFaceNet/Conv_7/BatchNorm/moving_variance:0
73,MobileFaceNet/Conv_7/prelu_alphas:0
74,MobileFaceNet/SeparableConv2d_4/depthwise_weights:0
75,MobileFaceNet/SeparableConv2d_4/BatchNorm/beta:0
76,MobileFaceNet/SeparableConv2d_4/BatchNorm/gamma:0
77,MobileFaceNet/SeparableConv2d_4/BatchNorm/moving_mean:0
78,MobileFaceNet/SeparableConv2d_4/BatchNorm/moving_variance:0
79,MobileFaceNet/SeparableConv2d_4/prelu_alphas:0
80,MobileFaceNet/Conv_8/weights:0
81,MobileFaceNet/Conv_8/BatchNorm/beta:0
82,MobileFaceNet/Conv_8/BatchNorm/gamma:0
83,MobileFaceNet/Conv_8/BatchNorm/moving_mean:0
84,MobileFaceNet/Conv_8/BatchNorm/moving_variance:0
85,MobileFaceNet/Conv_9/weights:0
86,MobileFaceNet/Conv_9/BatchNorm/beta:0
87,MobileFaceNet/Conv_9/BatchNorm/gamma:0
88,MobileFaceNet/Conv_9/BatchNorm/moving_mean:0
89,MobileFaceNet/Conv_9/BatchNorm/moving_variance:0
90,MobileFaceNet/Conv_9/prelu_alphas:0
91,MobileFaceNet/SeparableConv2d_5/depthwise_weights:0
92,MobileFaceNet/SeparableConv2d_5/BatchNorm/beta:0
93,MobileFaceNet/SeparableConv2d_5/BatchNorm/gamma:0
94,MobileFaceNet/SeparableConv2d_5/BatchNorm/moving_mean:0
95,MobileFaceNet/SeparableConv2d_5/BatchNorm/moving_variance:0
96,MobileFaceNet/SeparableConv2d_5/prelu_alphas:0
97,MobileFaceNet/Conv_10/weights:0
98,MobileFaceNet/Conv_10/BatchNorm/beta:0
99,MobileFaceNet/Conv_10/BatchNorm/gamma:0
100,MobileFaceNet/Conv_10/BatchNorm/moving_mean:0
101,MobileFaceNet/Conv_10/BatchNorm/moving_variance:0
102,MobileFaceNet/Conv_11/weights:0
103,MobileFaceNet/Conv_11/BatchNorm/beta:0
104,MobileFaceNet/Conv_11/BatchNorm/gamma:0
105,MobileFaceNet/Conv_11/BatchNorm/moving_mean:0
106,MobileFaceNet/Conv_11/BatchNorm/moving_variance:0
107,MobileFaceNet/Conv_11/prelu_alphas:0
108,MobileFaceNet/SeparableConv2d_6/depthwise_weights:0
109,MobileFaceNet/SeparableConv2d_6/BatchNorm/beta:0
110,MobileFaceNet/SeparableConv2d_6/BatchNorm/gamma:0
111,MobileFaceNet/SeparableConv2d_6/BatchNorm/moving_mean:0
112,MobileFaceNet/SeparableConv2d_6/BatchNorm/moving_variance:0
113,MobileFaceNet/SeparableConv2d_6/prelu_alphas:0
114,MobileFaceNet/Conv_12/weights:0
115,MobileFaceNet/Conv_12/BatchNorm/beta:0
116,MobileFaceNet/Conv_12/BatchNorm/gamma:0
117,MobileFaceNet/Conv_12/BatchNorm/moving_mean:0
118,MobileFaceNet/Conv_12/BatchNorm/moving_variance:0
119,MobileFaceNet/Conv_13/weights:0
120,MobileFaceNet/Conv_13/BatchNorm/beta:0
121,MobileFaceNet/Conv_13/BatchNorm/gamma:0
122,MobileFaceNet/Conv_13/BatchNorm/moving_mean:0
123,MobileFaceNet/Conv_13/BatchNorm/moving_variance:0
124,MobileFaceNet/Conv_13/prelu_alphas:0
125,MobileFaceNet/SeparableConv2d_7/depthwise_weights:0
126,MobileFaceNet/SeparableConv2d_7/BatchNorm/beta:0
127,MobileFaceNet/SeparableConv2d_7/BatchNorm/gamma:0
128,MobileFaceNet/SeparableConv2d_7/BatchNorm/moving_mean:0
129,MobileFaceNet/SeparableConv2d_7/BatchNorm/moving_variance:0
130,MobileFaceNet/SeparableConv2d_7/prelu_alphas:0
131,MobileFaceNet/Conv_14/weights:0
132,MobileFaceNet/Conv_14/BatchNorm/beta:0
133,MobileFaceNet/Conv_14/BatchNorm/gamma:0
134,MobileFaceNet/Conv_14/BatchNorm/moving_mean:0
135,MobileFaceNet/Conv_14/BatchNorm/moving_variance:0
136,MobileFaceNet/Conv_15/weights:0
137,MobileFaceNet/Conv_15/BatchNorm/beta:0
138,MobileFaceNet/Conv_15/BatchNorm/gamma:0
139,MobileFaceNet/Conv_15/BatchNorm/moving_mean:0
140,MobileFaceNet/Conv_15/BatchNorm/moving_variance:0
141,MobileFaceNet/Conv_15/prelu_alphas:0
142,MobileFaceNet/SeparableConv2d_8/depthwise_weights:0
143,MobileFaceNet/SeparableConv2d_8/BatchNorm/beta:0
144,MobileFaceNet/SeparableConv2d_8/BatchNorm/gamma:0
145,MobileFaceNet/SeparableConv2d_8/BatchNorm/moving_mean:0
146,MobileFaceNet/SeparableConv2d_8/BatchNorm/moving_variance:0
147,MobileFaceNet/SeparableConv2d_8/prelu_alphas:0
148,MobileFaceNet/Conv_16/weights:0
149,MobileFaceNet/Conv_16/BatchNorm/beta:0
150,MobileFaceNet/Conv_16/BatchNorm/gamma:0
151,MobileFaceNet/Conv_16/BatchNorm/moving_mean:0
152,MobileFaceNet/Conv_16/BatchNorm/moving_variance:0
153,MobileFaceNet/Conv_17/weights:0
154,MobileFaceNet/Conv_17/BatchNorm/beta:0
155,MobileFaceNet/Conv_17/BatchNorm/gamma:0
156,MobileFaceNet/Conv_17/BatchNorm/moving_mean:0
157,MobileFaceNet/Conv_17/BatchNorm/moving_variance:0
158,MobileFaceNet/Conv_17/prelu_alphas:0
159,MobileFaceNet/SeparableConv2d_9/depthwise_weights:0
160,MobileFaceNet/SeparableConv2d_9/BatchNorm/beta:0
161,MobileFaceNet/SeparableConv2d_9/BatchNorm/gamma:0
162,MobileFaceNet/SeparableConv2d_9/BatchNorm/moving_mean:0
163,MobileFaceNet/SeparableConv2d_9/BatchNorm/moving_variance:0
164,MobileFaceNet/SeparableConv2d_9/prelu_alphas:0
165,MobileFaceNet/Conv_18/weights:0
166,MobileFaceNet/Conv_18/BatchNorm/beta:0
167,MobileFaceNet/Conv_18/BatchNorm/gamma:0
168,MobileFaceNet/Conv_18/BatchNorm/moving_mean:0
169,MobileFaceNet/Conv_18/BatchNorm/moving_variance:0
170,MobileFaceNet/Conv_19/weights:0
171,MobileFaceNet/Conv_19/BatchNorm/beta:0
172,MobileFaceNet/Conv_19/BatchNorm/gamma:0
173,MobileFaceNet/Conv_19/BatchNorm/moving_mean:0
174,MobileFaceNet/Conv_19/BatchNorm/moving_variance:0
175,MobileFaceNet/Conv_19/prelu_alphas:0
176,MobileFaceNet/SeparableConv2d_10/depthwise_weights:0
177,MobileFaceNet/SeparableConv2d_10/BatchNorm/beta:0
178,MobileFaceNet/SeparableConv2d_10/BatchNorm/gamma:0
179,MobileFaceNet/SeparableConv2d_10/BatchNorm/moving_mean:0
180,MobileFaceNet/SeparableConv2d_10/BatchNorm/moving_variance:0
181,MobileFaceNet/SeparableConv2d_10/prelu_alphas:0
182,MobileFaceNet/Conv_20/weights:0
183,MobileFaceNet/Conv_20/BatchNorm/beta:0
184,MobileFaceNet/Conv_20/BatchNorm/gamma:0
185,MobileFaceNet/Conv_20/BatchNorm/moving_mean:0
186,MobileFaceNet/Conv_20/BatchNorm/moving_variance:0
187,MobileFaceNet/Conv_21/weights:0
188,MobileFaceNet/Conv_21/BatchNorm/beta:0
189,MobileFaceNet/Conv_21/BatchNorm/gamma:0
190,MobileFaceNet/Conv_21/BatchNorm/moving_mean:0
191,MobileFaceNet/Conv_21/BatchNorm/moving_variance:0
192,MobileFaceNet/Conv_21/prelu_alphas:0
193,MobileFaceNet/SeparableConv2d_11/depthwise_weights:0
194,MobileFaceNet/SeparableConv2d_11/BatchNorm/beta:0
195,MobileFaceNet/SeparableConv2d_11/BatchNorm/gamma:0
196,MobileFaceNet/SeparableConv2d_11/BatchNorm/moving_mean:0
197,MobileFaceNet/SeparableConv2d_11/BatchNorm/moving_variance:0
198,MobileFaceNet/SeparableConv2d_11/prelu_alphas:0
199,MobileFaceNet/Conv_22/weights:0
200,MobileFaceNet/Conv_22/BatchNorm/beta:0
201,MobileFaceNet/Conv_22/BatchNorm/gamma:0
202,MobileFaceNet/Conv_22/BatchNorm/moving_mean:0
203,MobileFaceNet/Conv_22/BatchNorm/moving_variance:0
204,MobileFaceNet/Conv_23/weights:0
205,MobileFaceNet/Conv_23/BatchNorm/beta:0
206,MobileFaceNet/Conv_23/BatchNorm/gamma:0
207,MobileFaceNet/Conv_23/BatchNorm/moving_mean:0
208,MobileFaceNet/Conv_23/BatchNorm/moving_variance:0
209,MobileFaceNet/Conv_23/prelu_alphas:0
210,MobileFaceNet/SeparableConv2d_12/depthwise_weights:0
211,MobileFaceNet/SeparableConv2d_12/BatchNorm/beta:0
212,MobileFaceNet/SeparableConv2d_12/BatchNorm/gamma:0
213,MobileFaceNet/SeparableConv2d_12/BatchNorm/moving_mean:0
214,MobileFaceNet/SeparableConv2d_12/BatchNorm/moving_variance:0
215,MobileFaceNet/SeparableConv2d_12/prelu_alphas:0
216,MobileFaceNet/Conv_24/weights:0
217,MobileFaceNet/Conv_24/BatchNorm/beta:0
218,MobileFaceNet/Conv_24/BatchNorm/gamma:0
219,MobileFaceNet/Conv_24/BatchNorm/moving_mean:0
220,MobileFaceNet/Conv_24/BatchNorm/moving_variance:0
221,MobileFaceNet/Conv_25/weights:0
222,MobileFaceNet/Conv_25/BatchNorm/beta:0
223,MobileFaceNet/Conv_25/BatchNorm/gamma:0
224,MobileFaceNet/Conv_25/BatchNorm/moving_mean:0
225,MobileFaceNet/Conv_25/BatchNorm/moving_variance:0
226,MobileFaceNet/Conv_25/prelu_alphas:0
227,MobileFaceNet/SeparableConv2d_13/depthwise_weights:0
228,MobileFaceNet/SeparableConv2d_13/BatchNorm/beta:0
229,MobileFaceNet/SeparableConv2d_13/BatchNorm/gamma:0
230,MobileFaceNet/SeparableConv2d_13/BatchNorm/moving_mean:0
231,MobileFaceNet/SeparableConv2d_13/BatchNorm/moving_variance:0
232,MobileFaceNet/SeparableConv2d_13/prelu_alphas:0
233,MobileFaceNet/Conv_26/weights:0
234,MobileFaceNet/Conv_26/BatchNorm/beta:0
235,MobileFaceNet/Conv_26/BatchNorm/gamma:0
236,MobileFaceNet/Conv_26/BatchNorm/moving_mean:0
237,MobileFaceNet/Conv_26/BatchNorm/moving_variance:0
238,MobileFaceNet/Conv_27/weights:0
239,MobileFaceNet/Conv_27/BatchNorm/beta:0
240,MobileFaceNet/Conv_27/BatchNorm/gamma:0
241,MobileFaceNet/Conv_27/BatchNorm/moving_mean:0
242,MobileFaceNet/Conv_27/BatchNorm/moving_variance:0
243,MobileFaceNet/Conv_27/prelu_alphas:0
244,MobileFaceNet/SeparableConv2d_14/depthwise_weights:0
245,MobileFaceNet/SeparableConv2d_14/BatchNorm/beta:0
246,MobileFaceNet/SeparableConv2d_14/BatchNorm/gamma:0
247,MobileFaceNet/SeparableConv2d_14/BatchNorm/moving_mean:0
248,MobileFaceNet/SeparableConv2d_14/BatchNorm/moving_variance:0
249,MobileFaceNet/SeparableConv2d_14/prelu_alphas:0
250,MobileFaceNet/Conv_28/weights:0
251,MobileFaceNet/Conv_28/BatchNorm/beta:0
252,MobileFaceNet/Conv_28/BatchNorm/gamma:0
253,MobileFaceNet/Conv_28/BatchNorm/moving_mean:0
254,MobileFaceNet/Conv_28/BatchNorm/moving_variance:0
255,MobileFaceNet/Conv_29/weights:0
256,MobileFaceNet/Conv_29/BatchNorm/beta:0
257,MobileFaceNet/Conv_29/BatchNorm/gamma:0
258,MobileFaceNet/Conv_29/BatchNorm/moving_mean:0
259,MobileFaceNet/Conv_29/BatchNorm/moving_variance:0
260,MobileFaceNet/Conv_29/prelu_alphas:0
261,MobileFaceNet/SeparableConv2d_15/depthwise_weights:0
262,MobileFaceNet/SeparableConv2d_15/BatchNorm/beta:0
263,MobileFaceNet/SeparableConv2d_15/BatchNorm/gamma:0
264,MobileFaceNet/SeparableConv2d_15/BatchNorm/moving_mean:0
265,MobileFaceNet/SeparableConv2d_15/BatchNorm/moving_variance:0
266,MobileFaceNet/SeparableConv2d_15/prelu_alphas:0
267,MobileFaceNet/Conv_30/weights:0
268,MobileFaceNet/Conv_30/BatchNorm/beta:0
269,MobileFaceNet/Conv_30/BatchNorm/gamma:0
270,MobileFaceNet/Conv_30/BatchNorm/moving_mean:0
271,MobileFaceNet/Conv_30/BatchNorm/moving_variance:0
272,MobileFaceNet/Conv2d_7/weights:0
273,MobileFaceNet/Conv2d_7/BatchNorm/beta:0
274,MobileFaceNet/Conv2d_7/BatchNorm/gamma:0
275,MobileFaceNet/Conv2d_7/BatchNorm/moving_mean:0
276,MobileFaceNet/Conv2d_7/BatchNorm/moving_variance:0
277,MobileFaceNet/Conv2d_7/prelu_alphas:0
278,MobileFaceNet/Logits/SeparableConv2d/depthwise_weights:0
279,MobileFaceNet/Logits/SeparableConv2d/BatchNorm/beta:0
280,MobileFaceNet/Logits/SeparableConv2d/BatchNorm/gamma:0
281,MobileFaceNet/Logits/SeparableConv2d/BatchNorm/moving_mean:0
282,MobileFaceNet/Logits/SeparableConv2d/BatchNorm/moving_variance:0
283,MobileFaceNet/Logits/Conv/weights:0
284,MobileFaceNet/Logits/Conv/BatchNorm/beta:0
285,MobileFaceNet/Logits/Conv/BatchNorm/gamma:0
286,MobileFaceNet/Logits/Conv/BatchNorm/moving_mean:0
287,MobileFaceNet/Logits/Conv/BatchNorm/moving_variance:0
288,MobileFaceNet/Logits/LinearConv1x1/weights:0
289,MobileFaceNet/Logits/LinearConv1x1/BatchNorm/beta:0
290,MobileFaceNet/Logits/LinearConv1x1/BatchNorm/gamma:0
291,MobileFaceNet/Logits/LinearConv1x1/BatchNorm/moving_mean:0
292,MobileFaceNet/Logits/LinearConv1x1/BatchNorm/moving_variance:0
